{"chunk_definitions":[{"chunk_id":"csetup_chunk","chunk_label":"setup","document_id":"68387949","expansion_state":0,"options":{"engine":"r","include":false,"label":"setup"},"row":12,"row_count":1,"visible":true},{"chunk_id":"cpad6o3etyv93","chunk_label":"unnamed-chunk-1","document_id":"68387949","expansion_state":0,"options":{"engine":"r","label":"unnamed-chunk-1"},"row":22,"row_count":1,"visible":true},{"chunk_id":"cx31x4907ex36","chunk_label":"unnamed-chunk-2","document_id":"68387949","expansion_state":0,"options":{"engine":"r","label":"unnamed-chunk-2"},"row":28,"row_count":1,"visible":true},{"chunk_id":"cc8cnjgq7a1ic","chunk_label":"unnamed-chunk-3","document_id":"68387949","expansion_state":0,"options":{"engine":"r","label":"unnamed-chunk-3"},"row":34,"row_count":1,"visible":true},{"chunk_id":"clmj7eqz7n09n","chunk_label":"unnamed-chunk-4","document_id":"68387949","expansion_state":0,"options":{"engine":"r","label":"unnamed-chunk-4"},"row":43,"row_count":1,"visible":true},{"chunk_id":"c5dnpf4yncdkn","chunk_label":"unnamed-chunk-5","document_id":"68387949","expansion_state":0,"options":{"engine":"r","label":"unnamed-chunk-5"},"row":48,"row_count":1,"visible":true},{"chunk_id":"cnbg8w6xhjnwm","chunk_label":"unnamed-chunk-6","document_id":"68387949","expansion_state":0,"options":{"engine":"r","label":"unnamed-chunk-6"},"row":53,"row_count":1,"visible":true},{"chunk_id":"c9n21t8ycpwyk","chunk_label":"unnamed-chunk-7","document_id":"68387949","expansion_state":0,"options":{"engine":"r","label":"unnamed-chunk-7"},"row":58,"row_count":1,"visible":true},{"chunk_id":"c0wxbcatun18w","chunk_label":"unnamed-chunk-8","document_id":"68387949","expansion_state":0,"options":{"engine":"r","label":"unnamed-chunk-8"},"row":64,"row_count":1,"visible":true},{"chunk_id":"cqjim23hw2wv1","chunk_label":"unnamed-chunk-9","document_id":"68387949","expansion_state":0,"options":{"engine":"r","label":"unnamed-chunk-9"},"row":71,"row_count":1,"visible":true},{"chunk_id":"cyl8k5zqy6eov","chunk_label":"unnamed-chunk-10","document_id":"68387949","expansion_state":0,"options":{"engine":"r","label":"unnamed-chunk-10"},"row":94,"row_count":1,"visible":true},{"chunk_id":"cvwp4p28mtcov","chunk_label":"unnamed-chunk-11","document_id":"68387949","expansion_state":0,"options":{"engine":"r","label":"unnamed-chunk-11"},"row":110,"row_count":1,"visible":true},{"chunk_id":"cbnds0fh0xhg7","chunk_label":"unnamed-chunk-12","document_id":"68387949","expansion_state":0,"options":{"engine":"r","label":"unnamed-chunk-12"},"row":124,"row_count":1,"visible":true},{"chunk_id":"c1bc0certjtyn","chunk_label":"unnamed-chunk-13","document_id":"68387949","expansion_state":0,"options":{"engine":"r","label":"unnamed-chunk-13"},"row":129,"row_count":1,"visible":true},{"chunk_id":"cugjqexarovlj","chunk_label":"unnamed-chunk-14","document_id":"68387949","expansion_state":0,"options":{"engine":"r","label":"unnamed-chunk-14"},"row":139,"row_count":1,"visible":true},{"chunk_id":"clynehudlia8z","chunk_label":"unnamed-chunk-15","document_id":"68387949","expansion_state":0,"options":{"engine":"r","label":"unnamed-chunk-15"},"row":147,"row_count":1,"visible":true}],"chunk_rendered_width":700,"default_chunk_options":{"echo":true},"doc_write_time":1617802345,"working_dir":null}